id,name
,Abdullah Awad al-Juhani
,Abdullah Basfar
,Abdur-Rahman as-Sudais
,Ali Abdur-Rahman al-Huthaify
,AbdulMuhsin al-Qasim
,AbdulBari ath-Thubaity
,Ahmed ibn Ali al-Ajmy
,AbdulAzeez al-Ahmad
,AbdulBaset AbdulSamad [Murattal]
,AbdulWadud Haneef
,Aziz Alili
,AbdulBaset AbdulSamad [Mujawwad]
,Al-Hussayni Al-'Azazy (with Children)
,Abdur-Razaq bin Abtan al-Dulaimi [Mujawwad]
,Abdullah Khayat
,Adel Kalbani
,AbdulKareem Al Hazmi
,Abdul-Mun'im Abdul-Mubdi'
,Abdur-Rashid Sufi
,Ahmad al-Huthaify
,Abu Bakr al-Shatri [Taraweeh]
,Abdullah Matroud
,AbdulWadood Haneef
,Ahmad Nauina
,Akram Al-Alaqmi
,Ali Hajjaj Alsouasi
,Asim Abdul Aleem
,Abdallah Abdal
,Abdullah Ali Jabir
,Bandar Baleela
,Dr. Shawqy Hamed [Murattal]
,Fares Abbad
,Fatih Seferagic
,Hani ar-Rifai
,Hamad Sinan
,Hatem Farid
,Ibrahim Al-Jibrin
,Imad Zuhair Hafez
,Ibrahim Al Akhdar
,Idrees Abkar
,Khalid al-Qahtani
,Khalid Al Ghamdi
,Khalifah Taniji
,Mishari Rashid al-`Afasy
,Muhammad Siddiq al-Minshawi
,Muhammad Jibreel
,Muhammad al-Mehysni
,Muhammad Siddiq al-Minshawi [Mujawwad]
,Muhammad al-Luhaidan
,Muhammad Abdul-Kareem
,Mustafa al-`Azawi
,Muhammad Hassan
,Mostafa Ismaeel
,Muhammad Sulaiman Patel
,Mohammad Al-Tablawi
,Mohammad Ismaeel Al-Muqaddim
,Muhammad Ayyoob [Taraweeh]
,Masjid Quba Taraweeh 1434
,Muhammad Khaleel
,Mahmoud Khaleel Al-Husary
,Mahmood Ali Al-Bana
,Maher al-Muaiqly
,Nabil ar-Rifai
,Nasser Al Qatami
,Sa`ud ash-Shuraym
,Saad al-Ghamdi
,Sahl Yasin
,Salah Bukhatir
,Sudais and Shuraym
,Saleh al Taleb
,Salah al-Budair
,Sadaqat `Ali
,Salah Al-Hashim
,Tawfeeq ibn Sa`id as-Sawa'igh
,Wadee Hammadi Al Yamani
,Yasser ad-Dussary
